resi	field	wN_2	JwN	JwN_err
3	14.1	6.83845779031	0.161596333908	0.00312322025983
5	14.1	6.83845779031	0.221054096231	0.00946583124865
6	14.1	6.83845779031	0.226897001884	0.00807928226549
7	14.1	6.83845779031	0.222036347043	0.00635359934621
8	14.1	6.83845779031	0.224124676004	0.00650154968854
9	14.1	6.83845779031	0.227332837319	0.00785509072464
10	14.1	6.83845779031	0.229895556571	0.00977145190524
11	14.1	6.83845779031	0.224190790146	0.00790445251915
12	14.1	6.83845779031	0.226261091801	0.0109806687528
13	14.1	6.83845779031	0.21263908229	0.00199470504983
14	14.1	6.83845779031	0.217166828027	0.00224509951169
15	14.1	6.83845779031	0.204405946007	0.00286425205514
16	14.1	6.83845779031	0.198963653422	0.00278106223168
17	14.1	6.83845779031	0.200289079118	0.00235238436354
18	14.1	6.83845779031	0.202290088644	0.00250041490085
19	14.1	6.83845779031	0.19376535228	0.00374559307634
20	14.1	6.83845779031	0.18914863002	0.00315082423124
21	14.1	6.83845779031	0.18756281245	0.00380673910103
22	14.1	6.83845779031	0.177799111757	0.00357597047982
23	14.1	6.83845779031	0.173292705605	0.00407696633455
24	14.1	6.83845779031	0.177447561797	0.00522941332594
25	14.1	6.83845779031	0.176797804939	0.005306237154
26	14.1	6.83845779031	0.145119878265	0.00684969675888
27	14.1	6.83845779031	0.127749563028	0.00953227573785
28	14.1	6.83845779031	0.138854556553	0.00921364896864
29	14.1	6.83845779031	0.135706984087	0.0106121466774
30	14.1	6.83845779031	0.136002535981	0.0105999597739
32	14.1	6.83845779031	0.138879759019	0.012324828701
35	14.1	6.83845779031	0.137244038387	0.0108761127142
37	14.1	6.83845779031	0.12557743806	0.0116445832187
38	14.1	6.83845779031	0.134024832255	0.0121857735324
39	14.1	6.83845779031	0.137962364284	0.0121622626274
41	14.1	6.83845779031	0.126264226867	0.0121970564372
42	14.1	6.83845779031	0.140965299152	0.00984075860352
43	14.1	6.83845779031	0.135668300511	0.00977553359989
44	14.1	6.83845779031	0.127067935433	0.0106730194259
45	14.1	6.83845779031	0.132076026283	0.0101531896147
46	14.1	6.83845779031	0.14169676699	0.0110432474554
48	14.1	6.83845779031	0.122556597779	0.0117147490782
49	14.1	6.83845779031	0.139282944542	0.0110207024273
50	14.1	6.83845779031	0.136812392391	0.00862491221634
51	14.1	6.83845779031	0.134632098168	0.0106177578722
52	14.1	6.83845779031	0.134904106294	0.0106778248539
53	14.1	6.83845779031	0.147728858104	0.00759454010907
54	14.1	6.83845779031	0.129836841457	0.00838107747728
55	14.1	6.83845779031	0.13172393277	0.0087572949526
56	14.1	6.83845779031	0.18396370543	0.00457094587639
57	14.1	6.83845779031	0.193634479567	0.0138260096327
58	14.1	6.83845779031	0.179676523343	0.00473473711913
3	21.1	3.03887908173	0.14428915609	0.00101667252002
5	21.1	3.03887908173	0.170899053969	0.00201912920759
6	21.1	3.03887908173	0.163542118697	0.00217158526404
7	21.1	3.03887908173	0.159715133024	0.00180449794373
8	21.1	3.03887908173	0.166278427823	0.00202163856268
9	21.1	3.03887908173	0.159984400755	0.0021485874615
10	21.1	3.03887908173	0.156595145131	0.00267240800124
11	21.1	3.03887908173	0.153319973421	0.00199675962305
12	21.1	3.03887908173	0.153017258224	0.00282656382581
13	21.1	3.03887908173	0.132207935474	0.000865841478825
14	21.1	3.03887908173	0.140080983574	0.0010442228523
15	21.1	3.03887908173	0.127883442106	0.00131707076272
16	21.1	3.03887908173	0.122271392927	0.00120936687793
17	21.1	3.03887908173	0.124729946717	0.000879592368403
18	21.1	3.03887908173	0.123585631448	0.0010784134957
19	21.1	3.03887908173	0.111949027957	0.00167565927015
20	21.1	3.03887908173	0.116087839724	0.00128946156864
21	21.1	3.03887908173	0.108704571896	0.00184749065955
22	21.1	3.03887908173	0.10338664135	0.00152216007259
23	21.1	3.03887908173	0.104784378257	0.00191146031822
24	21.1	3.03887908173	0.0978566695985	0.00259161627962
25	21.1	3.03887908173	0.0990606205103	0.002642750481
26	21.1	3.03887908173	0.0746499503544	0.00321358394447
27	21.1	3.03887908173	0.0687454126626	0.0038443952845
28	21.1	3.03887908173	0.0668516805435	0.0034748617577
29	21.1	3.03887908173	0.0658652738594	0.00446628529041
30	21.1	3.03887908173	0.0706203649805	0.00413984114632
32	21.1	3.03887908173	0.0661137221871	0.00386349487529
35	21.1	3.03887908173	0.0645764582605	0.00280021684316
37	21.1	3.03887908173	0.0556448870258	0.00354887579839
38	21.1	3.03887908173	0.0643221398598	0.00390249763031
39	21.1	3.03887908173	0.0647488733151	0.00325334586854
41	21.1	3.03887908173	0.0628609701879	0.00440158689449
42	21.1	3.03887908173	0.0626244515687	0.0031198839935
43	21.1	3.03887908173	0.0672169093343	0.00267053400087
44	21.1	3.03887908173	0.0621690824983	0.00355381959403
45	21.1	3.03887908173	0.0628210687125	0.00284240809191
46	21.1	3.03887908173	0.0690580053483	0.00269160504499
48	21.1	3.03887908173	0.060369316758	0.00312011615276
49	21.1	3.03887908173	0.0678953797744	0.00286145523508
50	21.1	3.03887908173	0.0657225037974	0.00210324712068
51	21.1	3.03887908173	0.0679265148461	0.00253620734461
52	21.1	3.03887908173	0.0634718814327	0.00260106141658
53	21.1	3.03887908173	0.0735113948136	0.00198168679992
54	21.1	3.03887908173	0.062477877995	0.00189568283708
55	21.1	3.03887908173	0.0667648314871	0.00225050619044
56	21.1	3.03887908173	0.0980392334356	0.00123594061839
57	21.1	3.03887908173	0.108801423655	0.00247689595612
58	21.1	3.03887908173	0.1176012269	0.00101872473234
3	16.5	5.02449121265	0.149354424694	0.00572887194842
5	16.5	5.02449121265	0.202661790674	0.0116351984139
6	16.5	5.02449121265	0.192397575099	0.0126163379776
7	16.5	5.02449121265	0.199870636933	0.0117881274905
8	16.5	5.02449121265	0.198639289736	0.0122858055374
9	16.5	5.02449121265	0.202346089245	0.0148002169202
10	16.5	5.02449121265	0.191387937192	0.0168384586512
11	16.5	5.02449121265	0.191088217703	0.0140944931611
12	16.5	5.02449121265	0.196368578088	0.0186259748391
13	16.5	5.02449121265	0.181803035529	0.00545180881874
14	16.5	5.02449121265	0.176427035549	0.00607605989172
15	16.5	5.02449121265	0.169325407078	0.00850227443106
16	16.5	5.02449121265	0.154926385336	0.00684275213764
17	16.5	5.02449121265	0.165600777757	0.00267371678424
18	16.5	5.02449121265	0.160620496349	0.00548142644639
19	16.5	5.02449121265	0.152952678947	0.00949093123168
20	16.5	5.02449121265	0.174416471218	0.00812613229638
21	16.5	5.02449121265	0.168247691165	0.0128634455251
22	16.5	5.02449121265	0.150279622512	0.00963100440006
23	16.5	5.02449121265	0.149372203565	0.0121908181485
24	16.5	5.02449121265	0.138549137988	0.0151383996762
25	16.5	5.02449121265	0.139940032481	0.0154719505991
26	16.5	5.02449121265	0.120880048525	0.01512733043
27	16.5	5.02449121265	0.10179244199	0.0154530331566
28	16.5	5.02449121265	0.109832710479	0.0118937036808
29	16.5	5.02449121265	0.0997616933895	0.0207554424254
30	16.5	5.02449121265	0.103239279722	0.0113951558536
32	16.5	5.02449121265	0.105849016447	0.0120146182159
35	16.5	5.02449121265	0.106531623285	0.00916139823453
37	16.5	5.02449121265	0.101363963126	0.0103457575283
38	16.5	5.02449121265	0.105288792348	0.0106321191552
39	16.5	5.02449121265	0.112930749443	0.0108120703808
41	16.5	5.02449121265	0.0964374588755	0.0121690823518
42	16.5	5.02449121265	0.119667073986	0.00977523899479
43	16.5	5.02449121265	0.108951859373	0.00827110244067
44	16.5	5.02449121265	0.100638838828	0.00913857818279
45	16.5	5.02449121265	0.112804292913	0.00880422136469
46	16.5	5.02449121265	0.116682739199	0.00834808483395
48	16.5	5.02449121265	0.098716657761	0.00915346538695
49	16.5	5.02449121265	0.112926061108	0.00890126571483
50	16.5	5.02449121265	0.109600837958	0.00681150978296
51	16.5	5.02449121265	0.0982414941554	0.00895846267738
52	16.5	5.02449121265	0.103279629925	0.00788188765505
53	16.5	5.02449121265	0.112498564117	0.00568751712199
54	16.5	5.02449121265	0.12414357373	0.00689851736636
55	16.5	5.02449121265	0.11035130747	0.00724543879843
56	16.5	5.02449121265	0.165459303956	0.00427194036013
57	16.5	5.02449121265	0.173505208104	0.00854391160753
58	16.5	5.02449121265	0.148910878283	0.00291530357683
3	18.8	3.84608774608	0.143638623808	0.0114882228843
5	18.8	3.84608774608	0.171337688104	0.0224305908572
6	18.8	3.84608774608	0.176061808577	0.0246893379377
7	18.8	3.84608774608	0.175482891863	0.0196463959924
8	18.8	3.84608774608	0.17685858754	0.0234908206188
9	18.8	3.84608774608	0.171931587581	0.0264583007884
10	18.8	3.84608774608	0.177721772591	0.034012076802
11	18.8	3.84608774608	0.174413242184	0.0278513816621
12	18.8	3.84608774608	0.159397513934	0.0334780087046
13	18.8	3.84608774608	0.156147845616	0.00645311323451
14	18.8	3.84608774608	0.149351061402	0.00769924347105
15	18.8	3.84608774608	0.143280049556	0.0103202617323
16	18.8	3.84608774608	0.138529214346	0.00881843544118
17	18.8	3.84608774608	0.15281753243	0.00690781818756
18	18.8	3.84608774608	0.129825570201	0.00752075504166
19	18.8	3.84608774608	0.140689882609	0.0115364934444
20	18.8	3.84608774608	0.135883888898	0.00791036422473
21	18.8	3.84608774608	0.126977609295	0.0139287477661
22	18.8	3.84608774608	0.116145664573	0.0107196816724
23	18.8	3.84608774608	0.118789288495	0.0141261649491
24	18.8	3.84608774608	0.121645637624	0.0251734720641
25	18.8	3.84608774608	0.117125089461	0.018817371513
26	18.8	3.84608774608	0.0996109745217	0.0188541483065
27	18.8	3.84608774608	0.0922388265605	0.0218182066531
28	18.8	3.84608774608	0.0925846402402	0.0124290929734
29	18.8	3.84608774608	0.0851032613669	0.0214950649349
30	18.8	3.84608774608	0.0883773959269	0.0139551943028
32	18.8	3.84608774608	0.0891463598611	0.0122055366019
35	18.8	3.84608774608	0.0925489355062	0.00828540033534
37	18.8	3.84608774608	0.080908257568	0.0115985386873
38	18.8	3.84608774608	0.0804044575617	0.0127314313747
39	18.8	3.84608774608	0.0865714618067	0.00977748051467
41	18.8	3.84608774608	0.0833719601777	0.0154548123401
42	18.8	3.84608774608	0.0959780200482	0.0102521426748
43	18.8	3.84608774608	0.0930171724381	0.00821683060961
44	18.8	3.84608774608	0.0823236348732	0.0110923055995
45	18.8	3.84608774608	0.0852340004924	0.00860607201306
46	18.8	3.84608774608	0.0927434503273	0.00723139396178
48	18.8	3.84608774608	0.0794208093012	0.00961260501964
49	18.8	3.84608774608	0.0869447634368	0.00743892339522
50	18.8	3.84608774608	0.0885758956333	0.00654882680084
51	18.8	3.84608774608	0.0865044390842	0.00848446959891
52	18.8	3.84608774608	0.0916636855177	0.00854432179183
53	18.8	3.84608774608	0.0909925986625	0.00486504717727
54	18.8	3.84608774608	0.0870187315311	0.00544899791519
55	18.8	3.84608774608	0.0863802521483	0.00577963287976
56	18.8	3.84608774608	0.131114625897	0.00353827613676
57	18.8	3.84608774608	0.135618873636	0.0107546007878
58	18.8	3.84608774608	0.132826700556	0.0043739950136
