resi	field	time	intensity
51	14.1	0.004	1624.219428
51	14.1	0.008	1491.46728
51	14.1	0.024	1022.717456
51	14.1	0.064	448.038543
51	14.1	0.096	270.116745
51	14.1	0.144	148.671651
51	14.1	0.208	103.322608
52	14.1	0.004	1614.38584
52	14.1	0.008	1500.47205
52	14.1	0.024	985.92621
52	14.1	0.064	386.851286
52	14.1	0.096	219.239347
52	14.1	0.144	68.960746
52	14.1	0.208	14.111535
53	14.1	0.004	2357.652142
53	14.1	0.008	2294.012362
53	14.1	0.024	1611.529523
53	14.1	0.064	704.344013
53	14.1	0.096	392.049951
53	14.1	0.144	153.4915
53	14.1	0.208	42.171928
54	14.1	0.004	2215.698179
54	14.1	0.008	2040.452443
54	14.1	0.024	1370.101093
54	14.1	0.064	548.204232
54	14.1	0.096	319.674016
54	14.1	0.144	102.403781
54	14.1	0.208	33.466528
55	14.1	0.004	1974.503833
55	14.1	0.008	1845.272298
55	14.1	0.024	1331.737496
55	14.1	0.064	543.606759
55	14.1	0.096	286.865765
55	14.1	0.144	111.000526
55	14.1	0.208	34.291668
56	14.1	0.004	4869.023926
56	14.1	0.008	4409.967476
56	14.1	0.024	3568.78758
56	14.1	0.064	2058.462342
56	14.1	0.096	1386.000648
56	14.1	0.144	762.086314
56	14.1	0.208	348.150072
51	18.8	0.004	22966.75
51	18.8	0.008	20038.089844
51	18.8	0.024	13337.732422
51	18.8	0.064	5731.903809
51	18.8	0.096	3503.782715
51	18.8	0.144	2126.470461
51	18.8	0.208	1499.782715
51	18.8	0.008	20503.728516
51	18.8	0.064	5794.126953
51	18.8	0.144	2296.427492
51	18.8	0.024	13157.59082
51	18.8	0.004	22966.75
51	18.8	0.008	20038.089844
51	18.8	0.024	13337.732422
51	18.8	0.064	5731.903809
51	18.8	0.096	3503.782715
51	18.8	0.144	2126.470461
51	18.8	0.208	1499.782715
51	18.8	0.008	20503.728516
51	18.8	0.064	5794.126953
51	18.8	0.144	2296.427492
51	18.8	0.024	13157.59082
52	18.8	0.004	20754.453125
52	18.8	0.008	19324.9375
52	18.8	0.024	11172.667969
52	18.8	0.064	3904.419188
52	18.8	0.096	1414.189453
52	18.8	0.144	374.720398
52	18.8	0.208	134.238191
52	18.8	0.008	17512.234375
52	18.8	0.064	4205.732422
52	18.8	0.144	340.180848
52	18.8	0.024	11916.933594
52	18.8	0.004	20754.453125
52	18.8	0.008	19324.9375
52	18.8	0.024	11172.667969
52	18.8	0.064	3904.419188
52	18.8	0.096	1414.189453
52	18.8	0.144	374.720398
52	18.8	0.208	134.238191
52	18.8	0.008	17512.234375
52	18.8	0.064	4205.732422
52	18.8	0.144	340.180848
52	18.8	0.024	11916.933594
53	18.8	0.004	40397.410156
53	18.8	0.008	35302.859375
53	18.8	0.024	23655.773438
53	18.8	0.064	8829.749023
53	18.8	0.096	4182.798828
53	18.8	0.144	1312.683105
53	18.8	0.208	102.139418
53	18.8	0.008	34327.441406
53	18.8	0.064	8829.501953
53	18.8	0.144	1158.934328
53	18.8	0.024	24729.058594
53	18.8	0.004	40397.410156
53	18.8	0.008	35302.859375
53	18.8	0.024	23655.773438
53	18.8	0.064	8829.749023
53	18.8	0.096	4182.798828
53	18.8	0.144	1312.683105
53	18.8	0.208	102.139418
53	18.8	0.008	34327.441406
53	18.8	0.064	8829.501953
53	18.8	0.144	1158.934328
53	18.8	0.024	24729.058594
54	18.8	0.004	36969.855469
54	18.8	0.008	31838.675781
54	18.8	0.024	21150.509766
54	18.8	0.064	7017.300781
54	18.8	0.096	3204.052977
54	18.8	0.144	826.136719
54	18.8	0.208	35.124383
54	18.8	0.008	32105.888672
54	18.8	0.064	6940.34668
54	18.8	0.144	954.790406
54	18.8	0.024	21534.859375
54	18.8	0.004	36969.855469
54	18.8	0.008	31838.675781
54	18.8	0.024	21150.509766
54	18.8	0.064	7017.300781
54	18.8	0.096	3204.052977
54	18.8	0.144	826.136719
54	18.8	0.208	35.124383
54	18.8	0.008	32105.888672
54	18.8	0.064	6940.34668
54	18.8	0.144	954.790406
54	18.8	0.024	21534.859375
55	18.8	0.004	31568.398438
55	18.8	0.008	29320.955078
55	18.8	0.024	18283.560547
55	18.8	0.064	7039.672852
55	18.8	0.096	3348.133301
55	18.8	0.144	851.069215
55	18.8	0.208	252.933168
55	18.8	0.008	28914.707031
55	18.8	0.064	6559.806152
55	18.8	0.144	1091.133301
55	18.8	0.024	17499.609375
55	18.8	0.004	31568.398438
55	18.8	0.008	29320.955078
55	18.8	0.024	18283.560547
55	18.8	0.064	7039.672852
55	18.8	0.096	3348.133301
55	18.8	0.144	851.069215
55	18.8	0.208	252.933168
55	18.8	0.008	28914.707031
55	18.8	0.064	6559.806152
55	18.8	0.144	1091.133301
55	18.8	0.024	17499.609375
56	18.8	0.004	76501.726562
56	18.8	0.008	66075.71875
56	18.8	0.024	53366.742188
56	18.8	0.064	27280.933594
56	18.8	0.096	17233.021484
56	18.8	0.144	7355.9375
56	18.8	0.208	2922.692383
56	18.8	0.008	67645.304688
56	18.8	0.064	28272.966797
56	18.8	0.144	7955.981934
56	18.8	0.024	52614.097656
56	18.8	0.004	76501.726562
56	18.8	0.008	66075.71875
56	18.8	0.024	53366.742188
56	18.8	0.064	27280.933594
56	18.8	0.096	17233.021484
56	18.8	0.144	7355.9375
56	18.8	0.208	2922.692383
56	18.8	0.008	67645.304688
56	18.8	0.064	28272.966797
56	18.8	0.144	7955.981934
56	18.8	0.024	52614.097656
